Nama Sukuk,Nilai Nominal,Interest/ Disc rate,Listing Date,Mature Date
SUKUK IJARAH BERKELANJUTAN I ANGKASA PURA I TAHAP I TAHUN 2021 SERI A,"215,000,000,000",6.7,9 Sep 2021,8 Sep 2024
SUKUK IJARAH BERKELANJUTAN I ANGKASA PURA I TAHAP I TAHUN 2021 SERI B,"215,000,000,000",7.1,9 Sep 2021,8 Sep 2026
SUKUK IJARAH BERKELANJUTAN I ANGKASA PURA I TAHAP I TAHUN 2021 SERI C,"52,000,000,000",8.0,9 Sep 2021,8 Sep 2028
SUKUK IJARAH BERKELANJUTAN I ANGKASA PURA I TAHAP I TAHUN 2021 SERI D,"14,000,000,000",8.6,9 Sep 2021,8 Sep 2031
SUKUK IJARAH BERKELANJUTAN I BALI TOWERINDO SENTRA TAHAP I TAHUN 2022 SERI B,"21,000,000,000",9.75,19 Sep 2022,16 Sep 2025
SUKUK IJARAH BERKELANJUTAN I BALI TOWERINDO SENTRA TAHAP II TAHUN 2023,"425,000,000,000",7.65,12 Sep 2023,21 Oct 2024
SUKUK IJARAH BERKELANJUTAN I BUMI SERPONG DAMAI TAHAP I TAHUN 2022 SERI A,"63,500,000,000",6.75,8 Apr 2022,7 Apr 2025
SUKUK IJARAH BERKELANJUTAN I BUMI SERPONG DAMAI TAHAP I TAHUN 2022 SERI B,"136,500,000,000",7.75,8 Apr 2022,7 Apr 2027
SUKUK IJARAH BERKELANJUTAN I ELNUSA TAHAP I TAHUN 2020,"700,000,000,000",9.0,12 Aug 2020,11 Aug 2025
SUKUK IJARAH BERKELANJUTAN I INDOSAT TAHAP II TAHUN 2015 SERI E,"175,000,000,000",10.4,5 Jun 2015,4 Jun 2025
SUKUK IJARAH BERKELANJUTAN I INDOSAT TAHAP III TAHUN 2015 SERI B,"41,000,000,000",11.2,10 Dec 2015,8 Dec 2025
SUKUK IJARAH BERKELANJUTAN I INDOSAT TAHAP IV TAHUN 2016 SERI D,"54,000,000,000",9.15,5 Sep 2016,2 Sep 2026
SUKUK IJARAH BERKELANJUTAN I INTILAND DEVELOPMENT TAHAP II TAHUN 2022,"250,000,000,000",10.5,26 Aug 2022,25 Aug 2025
SUKUK IJARAH BERKELANJUTAN I INTILAND DEVELOPMENT TAHAP III TAHUN 2022 SERI A,"125,000,000,000",10.3,5 Dec 2022,2 Dec 2024
SUKUK IJARAH BERKELANJUTAN I INTILAND DEVELOPMENT TAHAP III TAHUN 2022 SERI B,"125,000,000,000",10.6,5 Dec 2022,2 Dec 2025
SUKUK IJARAH BERKELANJUTAN I KERETA API INDONESIA TAHAP I TAHUN 2022 SERI A,"117,350,000,000",7.1,8 Aug 2022,5 Aug 2027
SUKUK IJARAH BERKELANJUTAN I KERETA API INDONESIA TAHAP I TAHUN 2022 SERI B,"382,650,000,000",8.0,8 Aug 2022,5 Aug 2029
SUKUK IJARAH BERKELANJUTAN I MORATELINDO TAHAP I TAHUN 2019 SERI B,"653,000,000,000",10.5,10 Jul 2019,9 Jul 2024
SUKUK IJARAH BERKELANJUTAN I MORATELINDO TAHAP II TAHUN 2020 SERI A,"191,000,000,000",10.5,12 Aug 2020,11 Aug 2023
SUKUK IJARAH BERKELANJUTAN I MORATELINDO TAHAP II TAHUN 2020 SERI B,"86,000,000,000",11.25,12 Aug 2020,11 Aug 2025
SUKUK IJARAH BERKELANJUTAN I MORATELINDO TAHAP III TAHUN 2020 SERI A,"333,365,000,000",10.5,8 Oct 2020,7 Oct 2023
SUKUK IJARAH BERKELANJUTAN I MORATELINDO TAHAP III TAHUN 2020 SERI B,"56,150,000,000",11.25,8 Oct 2020,7 Oct 2025
SUKUK IJARAH BERKELANJUTAN I MORATELINDO TAHAP IV TAHUN 2021 SERI A,"469,100,000,000",10.25,5 May 2021,4 May 2024
SUKUK IJARAH BERKELANJUTAN I MORATELINDO TAHAP IV TAHUN 2021 SERI B,"30,900,000,000",11.0,5 May 2021,4 May 2026
SUKUK IJARAH BERKELANJUTAN I SAMPOERNA AGRO TAHAP I TAHUN 2020 SERI B,"125,000,000,000",9.75,4 Mar 2020,3 Mar 2025
SUKUK IJARAH BERKELANJUTAN I SAMPOERNA AGRO TAHAP II TAHUN 2021 SERI A,"236,635,000,000",9.45,18 Mar 2021,17 Feb 2024
SUKUK IJARAH BERKELANJUTAN I SAMPOERNA AGRO TAHAP II TAHUN 2021 SERI B,"158,250,000,000",10.35,18 Mar 2021,17 Feb 2026
SUKUK IJARAH BERKELANJUTAN I SAMPOERNA AGRO TAHAP III TAHUN 2022 SERI A,"75,000,000,000",7.15,4 Mar 2022,2 Mar 2025
SUKUK IJARAH BERKELANJUTAN I SAMPOERNA AGRO TAHAP III TAHUN 2022 SERI B,"230,115,000,000",8.4,4 Mar 2022,2 Mar 2027
SUKUK IJARAH BERKELANJUTAN I SAMUDERA INDONESIA TAHAP I TAHUN 2023 SERI A,"210,825,000,000",6.95,3 Aug 2023,12 Aug 2024
SUKUK IJARAH BERKELANJUTAN I SAMUDERA INDONESIA TAHAP I TAHUN 2023 SERI B,"339,175,000,000",9.45,3 Aug 2023,12 Aug 2028
SUKUK IJARAH BERKELANJUTAN I SPINDO TAHAP I TAHUN 2021 SERI B,"51,000,000,000",9.5,3 Dec 2021,2 Dec 2024
SUKUK IJARAH BERKELANJUTAN I SPINDO TAHAP II TAHUN 2022 SERI B,"50,000,000,000",9.5,28 Jul 2022,27 Jul 2025
SUKUK IJARAH BERKELANJUTAN I TIMAH TAHAP II TAHUN 2019,"313,000,000,000",8.75,16 Aug 2019,15 Aug 2024
SUKUK IJARAH BERKELANJUTAN I XL AXIATA TAHAP II TAHUN 2017 SERI D,"260,000,000,000",9.1,2 May 2017,28 Apr 2024
SUKUK IJARAH BERKELANJUTAN I XL AXIATA TAHAP II TAHUN 2017 SERI E,"336,000,000,000",9.4,2 May 2017,28 Apr 2027
SUKUK IJARAH BERKELANJUTAN II ANEKA GAS INDUSTRI TAHAP I TAHUN 2020,"5,000,000,000",10.55,18 Aug 2020,14 Aug 2025
SUKUK IJARAH BERKELANJUTAN II ANEKA GAS INDUSTRI TAHAP III TAHUN 2021 SERI B,"105,000,000,000",9.35,7 Jul 2021,6 Jul 2024
SUKUK IJARAH BERKELANJUTAN II ANEKA GAS INDUSTRI TAHAP III TAHUN 2021 SERI C,"124,000,000,000",10.75,7 Jul 2021,6 Jul 2028
SUKUK IJARAH BERKELANJUTAN II ANEKA GAS INDUSTRI TAHAP IV TAHUN 2021 SERI A,"133,000,000,000",8.1,23 Dec 2021,22 Dec 2024
SUKUK IJARAH BERKELANJUTAN II ANEKA GAS INDUSTRI TAHAP IV TAHUN 2021 SERI B,"17,000,000,000",9.15,23 Dec 2021,22 Dec 2026
SUKUK IJARAH BERKELANJUTAN II ANEKA GAS INDUSTRI TAHAP V TAHUN 2022 SERI A,"118,800,000,000",7.75,6 Apr 2022,5 Apr 2025
SUKUK IJARAH BERKELANJUTAN II ANEKA GAS INDUSTRI TAHAP V TAHUN 2022 SERI B,"123,700,000,000",8.9,6 Apr 2022,5 Apr 2027
SUKUK IJARAH BERKELANJUTAN II ANEKA GAS INDUSTRI TAHAP V TAHUN 2022 SERI C,"153,500,000,000",9.75,6 Apr 2022,5 Apr 2029
SUKUK IJARAH BERKELANJUTAN II GLOBAL MEDIACOM TAHAP I TAHUN 2020 SERI B,"1,600,000,000",11.25,14 Sep 2020,11 Sep 2023
SUKUK IJARAH BERKELANJUTAN II GLOBAL MEDIACOM TAHAP I TAHUN 2020 SERI C,"430,000,000",12.0,14 Sep 2020,11 Sep 2025
SUKUK IJARAH BERKELANJUTAN II GLOBAL MEDIACOM TAHAP II TAHUN 2021 SERI B,"6,500,000,000",10.3,15 Sep 2021,14 Sep 2024
SUKUK IJARAH BERKELANJUTAN II GLOBAL MEDIACOM TAHAP II TAHUN 2021 SERI C,"50,000,000",11.0,15 Sep 2021,14 Sep 2026
SUKUK IJARAH BERKELANJUTAN II INDOSAT TAHAP I TAHUN 2017 SERI C,"60,000,000,000",8.9,2 Jun 2017,31 May 2024
SUKUK IJARAH BERKELANJUTAN II INDOSAT TAHAP I TAHUN 2017 SERI D,"63,000,000,000",9.25,2 Jun 2017,31 May 2027
SUKUK IJARAH BERKELANJUTAN II INDOSAT TAHAP II TAHUN 2017 SERI D,"13,000,000,000",7.95,10 Nov 2017,9 Nov 2024
SUKUK IJARAH BERKELANJUTAN II INDOSAT TAHAP II TAHUN 2017 SERI E,"193,000,000,000",8.65,10 Nov 2017,9 Nov 2027
SUKUK IJARAH BERKELANJUTAN II MORATELINDO TAHAP I TAHUN 2023 SERI A,"462,600,000,000",10.0,14 Jul 2023,13 Jul 2026
SUKUK IJARAH BERKELANJUTAN II MORATELINDO TAHAP I TAHUN 2023 SERI B,"25,900,000,000",11.0,14 Jul 2023,13 Jul 2028
SUKUK IJARAH BERKELANJUTAN II PLN TAHAP I TAHUN 2017 SERI B,"214,000,000,000",8.5,12 Jul 2017,11 Jul 2027
SUKUK IJARAH BERKELANJUTAN II PLN TAHAP II TAHUN 2017 SERI B,"121,000,000,000",8.2,6 Nov 2017,3 Nov 2027
SUKUK IJARAH BERKELANJUTAN II PLN TAHAP II TAHUN 2017 SERI C,"490,000,000,000",8.7,6 Nov 2017,3 Nov 2032
SUKUK IJARAH BERKELANJUTAN II PLN TAHAP III TAHUN 2018 SERI B,"88,000,000,000",7.25,23 Feb 2018,22 Feb 2028
SUKUK IJARAH BERKELANJUTAN II PLN TAHAP III TAHUN 2018 SERI C,"57,500,000,000",8.2,23 Feb 2018,22 Feb 2033
SUKUK IJARAH BERKELANJUTAN II PLN TAHAP III TAHUN 2018 SERI D,"449,000,000,000",8.75,23 Feb 2018,22 Feb 2038
SUKUK IJARAH BERKELANJUTAN II SPINDO TAHAP I TAHUN 2023 SERI A,"3,000,000,000",7.75,5 Apr 2023,11 Apr 2024
SUKUK IJARAH BERKELANJUTAN II SPINDO TAHAP I TAHUN 2023 SERI B,"141,100,000,000",9.5,5 Apr 2023,4 Apr 2026
SUKUK IJARAH BERKELANJUTAN II SPINDO TAHAP I TAHUN 2023 SERI C,"10,900,000,000",10.0,5 Apr 2023,4 Apr 2028
SUKUK IJARAH BERKELANJUTAN II SPINDO TAHAP II TAHUN 2023,"59,650,000,000",7.0,9 Aug 2023,15 Aug 2024
SUKUK IJARAH BERKELANJUTAN II XL AXIAT TAHAP II TAHUN 2019 SERI E,"26,000,000,000",10.0,11 Feb 2019,8 Feb 2029
SUKUK IJARAH BERKELANJUTAN II XL AXIATA TAHAP I TAHUN 2018 SERI D,"34,000,000,000",10.1,17 Oct 2018,16 Oct 2025
SUKUK IJARAH BERKELANJUTAN II XL AXIATA TAHAP I TAHUN 2018 SERI E,"60,000,000,000",10.3,17 Oct 2018,16 Oct 2028
SUKUK IJARAH BERKELANJUTAN II XL AXIATA TAHAP II TAHUN 2019 SERI D,"15,000,000,000",9.7,11 Feb 2019,8 Feb 2026
SUKUK IJARAH BERKELANJUTAN II XL AXIATA TAHAP II TAHUN 2019 SERI E,"26,000,000,000",10.0,11 Feb 2019,8 Feb 2029
SUKUK IJARAH BERKELANJUTAN III GLOBAL MEDIACOM TAHAP I TAHUN 2022 SERI B,"269,630,000,000",10.0,6 Jul 2022,5 Jul 2025
SUKUK IJARAH BERKELANJUTAN III GLOBAL MEDIACOM TAHAP I TAHUN 2022 SERI C,"10,210,000,000",11.0,6 Jul 2022,5 Jul 2027
SUKUK IJARAH BERKELANJUTAN III GLOBAL MEDIACOM TAHAP II TAHUN 2022 SERI B,"96,600,000,000",10.0,19 Sep 2022,16 Sep 2025
SUKUK IJARAH BERKELANJUTAN III GLOBAL MEDIACOM TAHAP II TAHUN 2022 SERI C,"2,250,000,000",11.0,19 Sep 2022,16 Sep 2027
SUKUK IJARAH BERKELANJUTAN III INDOSAT TAHAP I TAHUN 2019 SERI C,"29,000,000,000",9.75,6 Mar 2019,5 Mar 2024
SUKUK IJARAH BERKELANJUTAN III INDOSAT TAHAP I TAHUN 2019 SERI D,"11,000,000,000",10.1,6 Mar 2019,5 Mar 2026
SUKUK IJARAH BERKELANJUTAN III INDOSAT TAHAP I TAHUN 2019 SERI E,"21,000,000,000",10.35,6 Mar 2019,5 Mar 2029
SUKUK IJARAH BERKELANJUTAN III INDOSAT TAHAP II TAHUN 2019 SERI C,"404,000,000,000",9.25,24 Jul 2019,23 Jul 2024
SUKUK IJARAH BERKELANJUTAN III INDOSAT TAHAP II TAHUN 2019 SERI D,"20,000,000,000",10.0,24 Jul 2019,23 Jul 2029
SUKUK IJARAH BERKELANJUTAN III PLN TAHAP I TAHUN 2018 SERI B,"150,000,000,000",8.35,11 Jul 2018,10 Jul 2025
SUKUK IJARAH BERKELANJUTAN III PLN TAHAP I TAHUN 2018 SERI C,"258,000,000,000",8.4,11 Jul 2018,10 Jul 2028
SUKUK IJARAH BERKELANJUTAN III PLN TAHAP I TAHUN 2018 SERI D,"105,000,000,000",8.9,11 Jul 2018,10 Jul 2033
SUKUK IJARAH BERKELANJUTAN III PLN TAHAP I TAHUN 2018 SERI E,"110,000,000,000",9.0,11 Jul 2018,10 Jul 2038
SUKUK IJARAH BERKELANJUTAN III PLN TAHAP II TAHUN 2018 SERI B,"45,000,000,000",9.0,11 Oct 2018,10 Oct 2025
SUKUK IJARAH BERKELANJUTAN III PLN TAHAP II TAHUN 2018 SERI C,"15,000,000,000",9.1,11 Oct 2018,10 Oct 2028
SUKUK IJARAH BERKELANJUTAN III PLN TAHAP II TAHUN 2018 SERI D,"50,000,000,000",9.65,11 Oct 2018,10 Oct 2038
SUKUK IJARAH BERKELANJUTAN III PLN TAHAP III TAHUN 2019 SERI C,"204,000,000,000",9.35,20 Feb 2019,16 Feb 2026
SUKUK IJARAH BERKELANJUTAN III PLN TAHAP III TAHUN 2019 SERI D,"45,000,000,000",9.6,20 Feb 2019,19 Feb 2029
SUKUK IJARAH BERKELANJUTAN III PLN TAHAP III TAHUN 2019 SERI E,"60,000,000,000",9.8,20 Feb 2019,19 Feb 2034
SUKUK IJARAH BERKELANJUTAN III PLN TAHAP III TAHUN 2019 SERI F,"28,000,000,000",9.95,20 Feb 2019,19 Feb 2039
SUKUK IJARAH BERKELANJUTAN III PLN TAHAP IV TAHUN 2019 SERI A,"274,000,000,000",8.0,2 Aug 2019,1 Aug 2024
SUKUK IJARAH BERKELANJUTAN III PLN TAHAP IV TAHUN 2019 SERI B,"368,000,000,000",8.5,2 Aug 2019,1 Aug 2026
SUKUK IJARAH BERKELANJUTAN III PLN TAHAP IV TAHUN 2019 SERI C,"20,000,000,000",8.7,2 Aug 2019,1 Aug 2029
SUKUK IJARAH BERKELANJUTAN III PLN TAHAP IV TAHUN 2019 SERI D,"49,000,000,000",9.5,2 Aug 2019,1 Aug 2034
SUKUK IJARAH BERKELANJUTAN III PLN TAHAP IV TAHUN 2019 SERI E,"539,000,000,000",9.975,2 Aug 2019,1 Aug 2039
SUKUK IJARAH BERKELANJUTAN III PLN TAHAP V TAHUN 2019 SERI A,"6,500,000,000",7.9,2 Oct 2019,1 Oct 2024
SUKUK IJARAH BERKELANJUTAN III PLN TAHAP V TAHUN 2019 SERI B,"10,000,000,000",8.4,2 Oct 2019,1 Oct 2026
SUKUK IJARAH BERKELANJUTAN III PLN TAHAP V TAHUN 2019 SERI C,"92,000,000,000",8.6,2 Oct 2019,1 Oct 2029
SUKUK IJARAH BERKELANJUTAN III PLN TAHAP V TAHUN 2019 SERI D,"135,000,000,000",9.4,2 Oct 2019,1 Oct 2034
SUKUK IJARAH BERKELANJUTAN III PLN TAHAP V TAHUN 2019 SERI E,"554,000,000,000",9.9,2 Oct 2019,1 Oct 2039
SUKUK IJARAH BERKELANJUTAN III PLN TAHAP VI TAHUN 2020 SERI A,"40,500,000,000",7.7,19 Feb 2020,18 Feb 2027
SUKUK IJARAH BERKELANJUTAN III PLN TAHAP VI TAHUN 2020 SERI B,"3,500,000,000",8.0,19 Feb 2020,18 Feb 2030
SUKUK IJARAH BERKELANJUTAN III PLN TAHAP VI TAHUN 2020 SERI C,"9,000,000,000",8.7,19 Feb 2020,18 Feb 2035
SUKUK IJARAH BERKELANJUTAN III PLN TAHAP VI TAHUN 2020 SERI D,"62,500,000,000",9.05,19 Feb 2020,18 Feb 2040
SUKUK IJARAH BERKELANJUTAN III SAMATOR INDO GAS TAHAP I TAHUN 2023 SERI A,"35,500,000,000",7.4,11 Oct 2023,10 Oct 2026
SUKUK IJARAH BERKELANJUTAN III SAMATOR INDO GAS TAHAP I TAHUN 2023 SERI B,"34,500,000,000",7.9,11 Oct 2023,10 Oct 2028
SUKUK IJARAH BERKELANJUTAN III XL AXIATA TAHAP I TAHUN 2022 SERI A,"680,915,000,000",6.75,2 Sep 2022,1 Sep 2025
SUKUK IJARAH BERKELANJUTAN III XL AXIATA TAHAP I TAHUN 2022 SERI B,"421,300,000,000",7.4,2 Sep 2022,1 Sep 2027
SUKUK IJARAH BERKELANJUTAN III XL AXIATA TAHAP I TAHUN 2022 SERI C,"135,135,000,000",7.9,2 Sep 2022,1 Sep 2029
SUKUK IJARAH BERKELANJUTAN III XL AXIATA TAHAP I TAHUN 2022 SERI D,"262,650,000,000",8.25,2 Sep 2022,1 Sep 2032
SUKUK IJARAH BERKELANJUTAN IV GLOBAL MEDIACOM TAHAP I TAHUN 2023 SERI A,"392,290,000,000",9.25,7 Jul 2023,16 Jul 2024
SUKUK IJARAH BERKELANJUTAN IV GLOBAL MEDIACOM TAHAP I TAHUN 2023 SERI B,"442,360,000,000",10.25,7 Jul 2023,6 Jul 2026
SUKUK IJARAH BERKELANJUTAN IV GLOBAL MEDIACOM TAHAP I TAHUN 2023 SERI C,"15,350,000,000",11.25,7 Jul 2023,6 Jul 2028
SUKUK IJARAH BERKELANJUTAN IV INDOSAT TAHAP I TAHUN 2022 SERI A,"375,000,000,000",7.0,27 Oct 2022,26 Oct 2025
SUKUK IJARAH BERKELANJUTAN IV INDOSAT TAHAP I TAHUN 2022 SERI B,"375,000,000,000",7.7,27 Oct 2022,26 Oct 2027
SUKUK IJARAH BERKELANJUTAN IV PLN TAHAP I TAHUN 2020 SERI A,"39,000,000,000",6.7,9 Sep 2020,8 Sep 2025
SUKUK IJARAH BERKELANJUTAN IV PLN TAHAP I TAHUN 2020 SERI B,"35,000,000,000",7.25,9 Sep 2020,8 Sep 2027
SUKUK IJARAH BERKELANJUTAN IV PLN TAHAP I TAHUN 2020 SERI C,"200,000,000,000",7.9,9 Sep 2020,8 Sep 2030
SUKUK IJARAH BERKELANJUTAN IV PLN TAHAP I TAHUN 2020 SERI D,"56,000,000,000",8.65,9 Sep 2020,8 Sep 2035
SUKUK IJARAH BERKELANJUTAN IV PLN TAHAP I TAHUN 2020 SERI E,"46,500,000,000",8.86,9 Sep 2020,8 Sep 2040
SUKUK IJARAH I ANGKASA PURA I TAHUN 2016 SERI C,"177,000,000,000",8.55,23 Nov 2016,22 Nov 2026
SUKUK IJARAH I POLYTAMA PROPINDO TAHUN 2020 SERI B,"5,550,000,000",11.0,9 Sep 2020,9 Sep 2023
SUKUK IJARAH II POLYTAMA PROPINDO TAHUN 2021 SERI B,"56,000,000,000",7.25,9 Sep 2021,8 Sep 2026
SUKUK MUDHARABAH BERKELANJUTAN I BANK CIMB NIAGA TAHAP II TAHUN 2019 SERI C,"429,000,000,000",8.25,22 Aug 2019,21 Aug 2024
SUKUK MUDHARABAH BERKELANJUTAN I BANK CIMB NIAGA TAHAP III TAHUN 2020 SERI B,"287,000,000,000",7.0,30 Mar 2020,27 Mar 2023
SUKUK MUDHARABAH BERKELANJUTAN I BANK CIMB NIAGA TAHAP III TAHUN 2020 SERI C,"391,000,000,000",7.25,30 Mar 2020,27 Mar 2025
SUKUK MUDHARABAH BERKELANJUTAN I BUSSAN AUTO FINANCE TAHAP I TAHUN 2020,"15,000,000,000",8.25,4 Aug 2020,4 Aug 2023
SUKUK MUDHARABAH BERKELANJUTAN I BUSSAN AUTO FINANCE TAHAP II TAHUN 2020 SERI B,"112,000,000,000",7.25,22 Oct 2020,22 Oct 2023
SUKUK MUDHARABAH BERKELANJUTAN I HUTAMA KARYA TAHAP I TAHUN 2021 SERI A,"16,500,000,000",8.25,8 Sep 2021,7 Sep 2024
SUKUK MUDHARABAH BERKELANJUTAN I HUTAMA KARYA TAHAP I TAHUN 2021 SERI B,"64,450,000,000",8.55,8 Sep 2021,7 Sep 2026
SUKUK MUDHARABAH BERKELANJUTAN I HUTAMA KARYA TAHAP I TAHUN 2021 SERI C,"419,050,000,000",9.3,8 Sep 2021,7 Sep 2028
SUKUK MUDHARABAH BERKELANJUTAN I HUTAMA KARYA TAHAP II TAHUN 2022 SERI A,"138,250,000,000",6.5,13 Jan 2022,12 Jan 2025
SUKUK MUDHARABAH BERKELANJUTAN I HUTAMA KARYA TAHAP II TAHUN 2022 SERI B,"105,260,000,000",7.75,13 Jan 2022,12 Jan 2027
SUKUK MUDHARABAH BERKELANJUTAN I HUTAMA KARYA TAHAP II TAHUN 2022 SERI C,"69,490,000,000",8.25,13 Jan 2022,12 Jan 2029
SUKUK MUDHARABAH BERKELANJUTAN I INDAH KIAT PULP & PAPER TAHAP I TAHUN 2021 SERI B,"449,250,000,000",9.25,1 Oct 2021,30 Sep 2024
SUKUK MUDHARABAH BERKELANJUTAN I INDAH KIAT PULP & PAPER TAHAP I TAHUN 2021 SERI C,"50,750,000,000",10.0,1 Oct 2021,30 Sep 2026
SUKUK MUDHARABAH BERKELANJUTAN I INDAH KIAT PULP & PAPER TAHAP II TAHUN 2021 SERI B,"304,525,000,000",8.75,9 Dec 2021,8 Dec 2024
SUKUK MUDHARABAH BERKELANJUTAN I INDAH KIAT PULP & PAPER TAHAP II TAHUN 2021 SERI C,"247,090,000,000",9.25,9 Dec 2021,8 Dec 2026
SUKUK MUDHARABAH BERKELANJUTAN I INDAH KIAT PULP & PAPER TAHAP III TAHUN 2022 SERI A,"701,945,000,000",6.0,25 Feb 2022,26 Mar 2023
SUKUK MUDHARABAH BERKELANJUTAN I INDAH KIAT PULP & PAPER TAHAP III TAHUN 2022 SERI B,"451,225,000,000",8.75,25 Feb 2022,24 Feb 2025
SUKUK MUDHARABAH BERKELANJUTAN I INDAH KIAT PULP & PAPER TAHAP III TAHUN 2022 SERI C,"108,020,000,000",9.25,25 Feb 2022,24 Feb 2027
SUKUK MUDHARABAH BERKELANJUTAN I INTEGRA INDOCABINET TAHAP I TAHUN 2021 SERI B,"97,500,000,000",10.25,15 Apr 2021,14 Apr 2024
SUKUK MUDHARABAH BERKELANJUTAN I INTEGRA INDOCABINET TAHAP II TAHUN 2022 SERI A,"83,800,000,000",9.0,28 Mar 2022,25 Mar 2025
SUKUK MUDHARABAH BERKELANJUTAN I INTEGRA INDOCABINET TAHAP II TAHUN 2022 SERI B,"25,230,000,000",9.75,28 Mar 2022,25 Mar 2027
SUKUK MUDHARABAH BERKELANJUTAN I MANDALA MULTIFINANCE TAHAP II TAHUN 2022 SERI A,"453,500,000,000",8.0,7 Jul 2022,13 Jul 2023
SUKUK MUDHARABAH BERKELANJUTAN I MANDALA MULTIFINANCE TAHAP II TAHUN 2022 SERI B,"196,500,000,000",9.0,7 Jul 2022,6 Jul 2025
Sukuk Mudharabah Berkelanjutan I Mandala Multifinance Tahap III Tahun 2023 SERI A,"300,000,000,000",7.0,22 Jun 2023,29 Jun 2024
Sukuk Mudharabah Berkelanjutan I Mandala Multifinance Tahap III Tahun 2023 SERI B,"200,000,000,000",8.5,22 Jun 2023,22 Jun 2026
SUKUK MUDHARABAH BERKELANJUTAN I OKI PULP & PAPER MILLS TAHAP II TAHUN 2023 SERI A,"91,415,000,000",7.0,13 Dec 2023,22 Dec 2024
SUKUK MUDHARABAH BERKELANJUTAN I OKI PULP & PAPER MILLS TAHAP II TAHUN 2023 SERI B,"280,905,000,000",10.5,13 Dec 2023,22 Dec 2026
SUKUK MUDHARABAH BERKELANJUTAN I OKI PULP & PAPER MILLS TAHAP II TAHUN 2023 SERI C,"127,680,000,000",11.0,13 Dec 2023,22 Dec 2028
SUKUK MUDHARABAH BERKELANJUTAN I PEGADAIAN TAHAP I TAHUN 2020 SERI B,"49,000,000,000",7.7,14 May 2020,13 May 2023
SUKUK MUDHARABAH BERKELANJUTAN I PEGADAIAN TAHAP II TAHUN 2020 SERI B,"103,000,000,000",7.6,18 Jul 2021,8 Jul 2023
SUKUK MUDHARABAH BERKELANJUTAN I PEGADAIAN TAHAP II TAHUN 2020 SERI C,"80,500,000,000",7.95,9 Jul 2020,8 Jul 2025
SUKUK MUDHARABAH BERKELANJUTAN I PEGADAIAN TAHAP III TAHUN 2020 SERI B,"131,000,000,000",6.45,22 Sep 2020,22 Sep 2023
SUKUK MUDHARABAH BERKELANJUTAN I PEGADAIAN TAHAP IV TAHUN 2021 SERI B,"165,800,000,000",6.2,7 Apr 2021,6 Apr 2024
SUKUK MUDHARABAH BERKELANJUTAN I PTPP TAHAP I TAHUN 2021 SERI A,"400,000,000,000",8.5,5 Jul 2021,2 Jul 2024
SUKUK MUDHARABAH BERKELANJUTAN I PTPP TAHAP I TAHUN 2021 SERI B,"100,000,000,000",9.1,5 Jul 2021,2 Jul 2026
SUKUK MUDHARABAH BERKELANJUTAN I PTPP TAHAP II TAHUN 2022 SERI A,"60,000,000,000",6.5,25 Apr 2022,22 Apr 2025
SUKUK MUDHARABAH BERKELANJUTAN I PTPP TAHAP II TAHUN 2022 SERI B,"305,000,000,000",7.75,25 Apr 2022,22 Apr 2027
SUKUK MUDHARABAH BERKELANJUTAN I SARANA MULTI INFRASTRUKTUR TAHAP III TAHUN 2019 SERI C,"84,000,000,000",8.1,29 Aug 2019,28 Aug 2024
SUKUK MUDHARABAH BERKELANJUTAN I SARANA MULTI INFRASTRUKTUR TAHAP III TAHUN 2019 SERI D,"76,000,000,000",8.5,29 Aug 2019,28 Aug 2026
SUKUK MUDHARABAH BERKELANJUTAN I SMI TAHAP I TAHUN 2018 SERI B,"320,000,000,000",7.8,6 Jul 2018,6 Jul 2023
SUKUK MUDHARABAH BERKELANJUTAN I WIJAYA KARYA TAHAP I TAHUN 2020 SERI A,"184,000,000,000",8.6,21 Dec 2020,18 Dec 2023
SUKUK MUDHARABAH BERKELANJUTAN I WIJAYA KARYA TAHAP I TAHUN 2020 SERI B,"159,000,000,000",9.25,21 Dec 2020,18 Dec 2025
SUKUK MUDHARABAH BERKELANJUTAN I WIJAYA KARYA TAHAP I TAHUN 2020 SERI C,"157,000,000,000",9.85,21 Dec 2020,18 Dec 2027
SUKUK MUDHARABAH BERKELANJUTAN I WIJAYA KARYA TAHAP II TAHUN 2021 SERI A,"134,300,000,000",8.5,4 Mar 2021,3 Mar 2026
SUKUK MUDHARABAH BERKELANJUTAN I WIJAYA KARYA TAHAP II TAHUN 2021 SERI B,"211,600,000,000",9.1,4 Mar 2021,3 Mar 2026
SUKUK MUDHARABAH BERKELANJUTAN I WIJAYA KARYA TAHAP II TAHUN 2021 SERI C,"154,100,000,000",9.75,4 Mar 2021,3 Mar 2028
SUKUK MUDHARABAH BERKELANJUTAN II INDAH KIAT PULP & PAPER TAHAP I TAHUN 2022 SERI A,"375,860,000,000",6.25,8 Aug 2022,5 Aug 2023
SUKUK MUDHARABAH BERKELANJUTAN II INDAH KIAT PULP & PAPER TAHAP I TAHUN 2022 SERI B,"401,430,000,000",9.5,8 Aug 2022,5 Aug 2025
SUKUK MUDHARABAH BERKELANJUTAN II INDAH KIAT PULP & PAPER TAHAP I TAHUN 2022 SERI C,"222,710,000,000",10.0,8 Aug 2022,5 Aug 2027
SUKUK MUDHARABAH BERKELANJUTAN II INDAH KIAT PULP & PAPER TAHAP II TAHUN 2022 SERI A,"481,060,000,000",6.0,12 Oct 2022,21 Oct 2023
SUKUK MUDHARABAH BERKELANJUTAN II INDAH KIAT PULP & PAPER TAHAP II TAHUN 2022 SERI B,"455,190,000,000",9.75,12 Oct 2022,11 Oct 2025
SUKUK MUDHARABAH BERKELANJUTAN II INDAH KIAT PULP & PAPER TAHAP II TAHUN 2022 SERI C,"69,375,000,000",10.25,12 Oct 2022,11 Oct 2027
SUKUK MUDHARABAH BERKELANJUTAN II INDAH KIAT PULP & PAPER TAHAP IV TAHUN 2023 SERI A,"106,885,000,000",7.0,30 Jan 2023,7 Feb 2024
SUKUK MUDHARABAH BERKELANJUTAN II INDAH KIAT PULP & PAPER TAHAP IV TAHUN 2023 SERI B,"501,585,000,000",10.5,30 Jan 2023,27 Jan 2026
SUKUK MUDHARABAH BERKELANJUTAN II INDAH KIAT PULP & PAPER TAHAP IV TAHUN 2023 SERI C,"67,040,000,000",11.0,30 Jan 2023,27 Jan 2028
SUKUK MUDHARABAH BERKELANJUTAN II PEGADAIAN TAHAP I TAHUN 2022 SERI A,"671,000,000,000",3.6,27 Apr 2022,6 May 2023
SUKUK MUDHARABAH BERKELANJUTAN II PEGADAIAN TAHAP I TAHUN 2022 SERI B,"320,000,000,000",5.35,27 Apr 2022,26 Apr 2025
SUKUK MUDHARABAH BERKELANJUTAN II PEGADAIAN TAHAP II TAHUN 2022 SERI A,"878,000,000,000",6.9299,18 Aug 2022,16 Aug 2023
SUKUK MUDHARABAH BERKELANJUTAN II PEGADAIAN TAHAP II TAHUN 2022 SERI B,"245,000,000,000",10.0878,18 Aug 2022,16 Aug 2025
SUKUK MUDHARABAH BERKELANJUTAN II PEGADAIAN TAHAP III TAHUN 2023,"605,000,000,000",5.8,19 Jun 2023,26 Jun 2024
SUKUK MUDHARABAH BERKELANJUTAN II PEGADAIAN TAHAP IV TAHUN 2023,"235,040,000,000",5.9,25 Aug 2023,24 Aug 2026
SUKUK MUDHARABAH BERKELANJUTAN II WIJAYA KARYA TAHAP I TAHUN 2021 SERI A,"325,500,000,000",8.25,9 Sep 2021,8 Sep 2024
SUKUK MUDHARABAH BERKELANJUTAN II WIJAYA KARYA TAHAP I TAHUN 2021 SERI B,"91,500,000,000",8.55,9 Sep 2021,8 Sep 2026
SUKUK MUDHARABAH BERKELANJUTAN II WIJAYA KARYA TAHAP I TAHUN 2021 SERI C,"333,000,000,000",9.25,9 Sep 2021,8 Sep 2028
SUKUK MUDHARABAH BERKELANJUTAN II WIJAYA KARYA TAHAP II TAHUN 2022 SERI A,"412,900,000,000",6.5,21 Feb 2022,18 Feb 2025
SUKUK MUDHARABAH BERKELANJUTAN II WIJAYA KARYA TAHAP II TAHUN 2022 SERI B,"176,050,000,000",7.75,21 Feb 2022,18 Feb 2027
SUKUK MUDHARABAH BERKELANJUTAN II WIJAYA KARYA TAHAP II TAHUN 2022 SERI C,"161,050,000,000",8.3,21 Feb 2022,18 Feb 2029
SUKUK MUDHARABAH BERKELANJUTAN III ADIRA FINANCE TAHAP II TAHUN 2018 SERI C,"29,000,000,000",7.4,22 Mar 2018,21 Mar 2023
SUKUK MUDHARABAH BERKELANJUTAN III ADIRA FINANCE TAHAP III TAHUN 2019 SERI C,"32,000,000,000",9.5,23 Jan 2019,23 Jan 2024
SUKUK MUDHARABAH BERKELANJUTAN III ADIRA FINANCE TAHAP IV TAHUN 2019 SERI C,"14,000,000,000",9.15,18 Apr 2019,16 Apr 2024
SUKUK MUDHARABAH BERKELANJUTAN III INDAH KIAT PULP & PAPER TAHAP III TAHUN 2023 SERI A,"87,210,000,000",6.75,22 Nov 2023,1 Dec 2024
SUKUK MUDHARABAH BERKELANJUTAN III INDAH KIAT PULP & PAPER TAHAP III TAHUN 2023 SERI B,"303,560,000,000",10.25,22 Nov 2023,21 Nov 2026
SUKUK MUDHARABAH BERKELANJUTAN III INDAH KIAT PULP & PAPER TAHAP III TAHUN 2023 SERI C,"4,520,000,000",10.75,22 Nov 2023,21 Nov 2028
SUKUK MUDHARABAH BERKELANJUTAN INDONESIA EXIMBANK I TAHAP II TAHUN 2018 SERI C,"14,000,000,000",9.25,9 Nov 2018,8 Nov 2023
SUKUK MUDHARABAH BERKELANJUTAN INDONESIA EXIMBANK I TAHAP II TAHUN 2018 SERI D,"155,000,000,000",9.75,9 Nov 2018,8 Nov 2025
SUKUK MUDHARABAH BERKELANJUTAN INDONESIA EXIMBANK I TAHAP III TAHUN 2019 SERI C,"66,000,000,000",8.9,24 Apr 2019,23 Apr 2024
SUKUK MUDHARABAH BERKELANJUTAN IV ADIRA FINANCE TAHAP II TAHUN 2021 SERI B,"66,000,000,000",5.5,23 Jul 2021,23 Jul 2024
SUKUK MUDHARABAH BERKELANJUTAN IV ADIRA FINANCE TAHAP III TAHUN 2022 SERI A,"153,000,000,000",3.5,23 Mar 2022,22 Mar 2023
SUKUK MUDHARABAH BERKELANJUTAN IV ADIRA FINANCE TAHAP III TAHUN 2022 SERI B,"49,000,000,000",5.6,23 Mar 2022,22 Mar 2025
SUKUK MUDHARABAH BERKELANJUTAN IV ADIRA FINANCE TAHAP III TAHUN 2022 SERI C,"98,000,000,000",6.25,23 Mar 2022,22 Mar 2027
SUKUK MUDHARABAH BERKELANJUTAN V ADIRA FINANCE TAHAP II TAHUN 2023 SERI A,"251,170,000,000",6.15,10 Nov 2023,19 Nov 2024
SUKUK MUDHARABAH BERKELANJUTAN V ADIRA FINANCE TAHAP II TAHUN 2023 SERI B,"48,730,000,000",6.5,10 Nov 2023,9 Nov 2026
SUKUK MUDHARABAH BERKELANJUTAN V ADIRA FINANCE TAHAP II TAHUN 2023 SERI C,"100,000,000",6.55,10 Nov 2023,9 Nov 2028
SUKUK MUDHARABAH I PINDO DELI PULP AND PAPER MILLS TAHUN 2022 SERI A,"413,570,000,000",6.75,15 Jul 2022,14 Jul 2023
SUKUK MUDHARABAH I PINDO DELI PULP AND PAPER MILLS TAHUN 2022 SERI B,"436,055,000,000",10.25,15 Jul 2022,14 Jul 2025
SUKUK MUDHARABAH I PINDO DELI PULP AND PAPER MILLS TAHUN 2022 SERI C,"150,375,000,000",11.0,15 Jul 2022,14 Jul 2027
SUKUK MUDHARABAH I WASKITA KARYA TAHUN 2022 SERI A,"383,000,000,000",6.35,13 May 2022,12 May 2027
SUKUK MUDHARABAH I WASKITA KARYA TAHUN 2022 SERI B,"765,100,000,000",7.55,13 May 2022,12 May 2025
SUKUK MUDHARABAH II OKI PULP & PAPER MILLS TAHUN 2022 SERI A,"627,000,000,000",6.75,7 Nov 2022,14 Nov 2023
SUKUK MUDHARABAH II OKI PULP & PAPER MILLS TAHUN 2022 SERI B,"255,185,000,000",10.5,7 Nov 2022,4 Nov 2025
SUKUK MUDHARABAH II OKI PULP & PAPER MILLS TAHUN 2022 SERI C,"3,675,000,000",11.0,7 Nov 2022,4 Nov 2027
SUKUK MUDHARABAH II PINDO DELI PULP AND PAPER MILLS TAHUN 2023 SERI A,"450,985,000,000",8.25,4 Jan 2024,13 Jan 2025
SUKUK MUDHARABAH II PINDO DELI PULP AND PAPER MILLS TAHUN 2023 SERI B,"447,520,000,000",10.75,4 Jan 2024,3 Jan 2027
SUKUK MUDHARABAH II PINDO DELI PULP AND PAPER MILLS TAHUN 2023 SERI C,"101,495,000,000",11.25,4 Jan 2024,3 Jan 2029
SUKUK MUDHARABAH OKI PULP & PAPER MILLS I TAHUN 2021 SERI B,"234,605,000,000",9.5,9 Jul 2021,8 Jul 2024
SUKUK MUDHARABAH OKI PULP & PAPER MILLS I TAHUN 2021 SERI C,"65,360,000,000",10.25,9 Jul 2021,8 Jul 2026
SUKUK MUSYARAKAH BERKELANJUTAN I SARANA MULTIGRIYA FINANSIAL TAHAP I TAHUN 2023,"170,500,000,000",6.05,13 Jul 2023,12 Jul 2028
SUKUK MUSYARAKAH BERWAWASAN SOSIAL BERKELANJUTAN I SARANA MULTIGRIYA FINANSIAL TAHAP I TAHUN 2023,"200,000,000,000",6.9,27 Dec 2023,22 Dec 2028
SUKUK WAKALAH BERKELANJUTAN I MEDCO POWER INDONESIA TAHAP I TAHUN 2022 SERI A,"280,000,000,000",8.0,5 Aug 2022,4 Aug 2025
SUKUK WAKALAH BERKELANJUTAN I MEDCO POWER INDONESIA TAHAP I TAHUN 2022 SERI B,"220,000,000,000",9.25,5 Aug 2022,4 Aug 2027
SUKUK WAKALAH BERKELANJUTAN I MEDCO POWER INDONESIA TAHAP II TAHUN 2022 SERI A,"469,690,000,000",9.0,2 Jan 2023,30 Dec 2025
SUKUK WAKALAH BERKELANJUTAN I MEDCO POWER INDONESIA TAHAP II TAHUN 2022 SERI B,"130,310,000,000",9.5,2 Jan 2023,30 Dec 2027
SUKUK WAKALAH BERKELANJUTAN I MNC ENERGY INVESTMENTS TAHAP I TAHUN 2023 SERI A,"100,000,000,000",10.75,9 Oct 2023,16 Oct 2024
SUKUK WAKALAH BERKELANJUTAN I MNC ENERGY INVESTMENTS TAHAP I TAHUN 2023 SERI B,"49,300,000,000",11.25,9 Oct 2023,6 Oct 2026
SUKUK WAKALAH BERKELANJUTAN I MNC ENERGY INVESTMENTS TAHAP I TAHUN 2023 SERI C,"100,700,000,000",11.5,9 Oct 2023,6 Oct 2028
SUKUK WAKALAH BI AL-ISTITSMAR I CIMB NIAGA AUTO FINANCE TAHUN 2023 SERI A,"700,000,000,000",6.25,8 Feb 2023,18 Feb 2024
SUKUK WAKALAH BI AL-ISTITSMAR I CIMB NIAGA AUTO FINANCE TAHUN 2023 SERI B,"300,000,000,000",7.15,8 Feb 2023,8 Feb 2028
SUKUK WAKALAH MEDCO POWER INDONESIA I TAHUN 2018 SERI C,"43,000,000,000",10.75,5 Jul 2018,4 Jul 2025
SUKUK WAKALAH MEDCO POWER INDONESIA II TAHUN 2019 SERI B,"7,000,000,000",10.55,24 May 2019,23 May 2024
SUKUK WAKALAH MEDCO POWER INDONESIA II TAHUN 2019 SERI C,"10,300,000,000",11.1,24 May 2019,23 May 2026
